,CIK,CONAME,FYRMO,FDATE,FORM,SECFNAME,Positive_score,Negitive_score,Polerity_Score,Average_Sentence_length,Percentage_of_complex_words,Fog_index,Complex_word_count,Word_count,Uncertainity_score,Constraining_score
0,3662,SUNBEAM CORP/FL/,199803,1998-03-06,10-K405,edgar/data/3662/0000950170-98-000413.txt,42,180,-0.6216216188215242,5.2375241662638965,0.4013484597682587,2.2555490504128617,69587,173383,13,79
1,3662,SUNBEAM CORP/FL/,199805,1998-05-15,10-Q,edgar/data/3662/0000950170-98-001001.txt,27,71,-0.4489795872553104,6.780397096754844,0.39884638522240706,2.8716973927909004,45084,113036,16,86
2,3662,SUNBEAM CORP/FL/,199808,1998-08-13,NT 10-Q,edgar/data/3662/0000950172-98-000783.txt,2,1,0.33333322222225925,38.28,0.3866248693834901,15.466649947753394,370,957,0,0
3,3662,SUNBEAM CORP/FL/,199811,1998-11-12,10-K/A,edgar/data/3662/0000950170-98-002145.txt,21,88,-0.6146788934433131,5.737255160588274,0.39007287858932793,2.450931215671041,33934,86994,13,42
4,3662,SUNBEAM CORP/FL/,199811,1998-11-16,NT 10-Q,edgar/data/3662/0000950172-98-001203.txt,2,1,0.33333322222225925,39.66666666666666,0.3680672268907563,16.01389355742297,438,1190,0,0
5,3662,SUNBEAM CORP/FL/,199811,1998-11-25,10-Q/A,edgar/data/3662/0000950170-98-002278.txt,2,14,-0.7499999531250029,3.6508282476024414,0.37528358208955226,1.6104447318767976,6286,16750,0,3
6,3662,SUNBEAM CORP/FL/,199812,1998-12-22,10-Q,edgar/data/3662/0000950170-98-002401.txt,9,28,-0.5135134996347703,4.2099108317497445,0.3673958333333333,1.8309226660332312,10581,28800,9,13
7,3662,SUNBEAM CORP/FL/,199812,1998-12-22,10-Q,edgar/data/3662/0000950170-98-002402.txt,3,15,-0.6666666296296316,3.3738514548238903,0.3723687943262412,1.4984880996600525,6563,17625,3,5
8,3662,SUNBEAM CORP/FL/,199903,1999-03-31,NT 10-K,edgar/data/3662/0000950172-99-000362.txt,2,1,0.33333322222225925,39.142857142857146,0.3795620437956204,15.808967674661107,416,1096,0,0
9,3662,SUNBEAM CORP/FL/,199905,1999-05-11,10-K,edgar/data/3662/0000950170-99-000775.txt,17,51,-0.499999992647059,5.514364499166347,0.3929248409717296,2.3629157360552298,33788,85991,17,18
10,3662,SUNBEAM CORP/FL/,199905,1999-05-17,NT 10-Q,edgar/data/3662/0000950172-99-000584.txt,2,1,0.33333322222225925,40.96296296296296,0.3734177215189873,16.53455227379278,413,1106,0,0
11,3662,SUNBEAM CORP/FL/,199906,1999-06-11,10-Q,edgar/data/3662/0000950170-99-001005.txt,2,7,-0.5555554938271674,3.66281179138322,0.3940444499473782,1.6227424965322392,6365,16153,4,3
12,3662,SUNBEAM CORP/FL/,199908,1999-08-16,NT 10-Q,edgar/data/3662/0000950172-99-001074.txt,2,1,0.33333322222225925,38.22222222222222,0.372093023255814,15.437726098191217,384,1032,0,0
13,3662,SUNBEAM CORP/FL/,199908,1999-08-19,10-Q,edgar/data/3662/0000950170-99-001361.txt,2,10,-0.6666666111111158,6.850078084331077,0.3906451858043925,2.896289308054188,10281,26318,7,8
14,3662,SUNBEAM CORP/FL/,199911,1999-11-08,10-K/A,edgar/data/3662/0000889812-99-003241.txt,9,20,-0.3793103317479196,2.577433628318584,0.3867811158798283,1.185685897679365,24783,64075,11,13
15,3662,SUNBEAM CORP/FL/,199911,1999-11-08,10-Q/A,edgar/data/3662/0000950170-99-001639.txt,2,10,-0.6666666111111158,5.674606378683892,0.391327546955037,2.426373570255572,11001,28112,7,10
16,3662,SUNBEAM CORP/FL/,199911,1999-11-08,10-Q/A,edgar/data/3662/0000950170-99-001640.txt,2,10,-0.6666666111111158,5.260083160083161,0.3927117505236947,2.2611179642427417,9936,25301,6,8
17,3662,SUNBEAM CORP/FL/,199911,1999-11-15,NT 10-Q,edgar/data/3662/0000950172-99-001626.txt,2,1,0.33333322222225925,34.44444444444444,0.3870967741935484,13.9326164874552,360,930,0,0
18,3662,SUNBEAM CORP/FL/,199911,1999-11-19,10-Q,edgar/data/3662/0000950170-99-001856.txt,2,18,-0.7999999600000021,6.920890479030013,0.39461213705160975,2.9262010464326496,13740,34819,10,13
19,3982,ALLIS CHALMERS ENERGY INC.,200603,2006-03-22,10-K,edgar/data/3982/0000950129-06-002926.txt,7,28,-0.5999999828571434,68.85960044395117,0.3735544183422654,27.693261944917367,92705,248170,3,13
20,3982,ALLIS CHALMERS ENERGY INC.,200605,2006-05-01,10-K/A,edgar/data/3982/0000950129-06-004690.txt,3,0,0.9999996666667778,51.75445816186557,0.37536112804474014,20.851927715964123,14162,37729,0,0
21,3982,ALLIS CHALMERS ENERGY INC.,200605,2006-05-10,10-Q,edgar/data/3982/0000950129-06-005244.txt,4,13,-0.5294117335640156,57.56488203266788,0.3186651218147281,23.153418861793046,40430,126873,2,18
22,3982,ALLIS CHALMERS ENERGY INC.,200607,2006-07-24,10-K/A,edgar/data/3982/0000950129-06-007243.txt,4,1,0.5999998800000239,104.25636942675159,0.3891145968567196,41.858193609443326,50953,130946,2,2
23,3982,ALLIS CHALMERS ENERGY INC.,200607,2006-07-24,10-Q/A,edgar/data/3982/0000950129-06-007244.txt,2,1,0.33333322222225925,50.299065420560744,0.2832125603864734,20.23291119237889,12194,43056,1,0
24,3982,ALLIS CHALMERS ENERGY INC.,200608,2006-08-14,10-Q,edgar/data/3982/0000950129-06-007871.txt,2,0,0.9999995000002501,49.76944704779756,0.27662699608315755,20.01842961755229,14690,53104,2,0
25,3982,ALLIS CHALMERS ENERGY INC.,200611,2006-11-08,10-Q,edgar/data/3982/0000950129-06-009522.txt,2,0,0.9999995000002501,65.49882352941178,0.2636778388475769,26.305000547303727,22020,83511,3,0
26,3982,ALLIS CHALMERS ENERGY INC.,200612,2006-12-29,10-Q/A,edgar/data/3982/0000950134-06-023819.txt,9,4,0.3846153550295881,57.479553903345725,0.3061468669734095,23.114280308127647,66271,216468,3,2
27,3982,ALLIS CHALMERS ENERGY INC.,200703,2007-03-15,10-K,edgar/data/3982/0000950129-07-001381.txt,4,3,0.1428571224489825,69.89022556390978,0.3798868257417648,28.10804495586062,88280,232385,6,2
28,3982,ALLIS CHALMERS ENERGY INC.,200705,2007-05-10,10-Q,edgar/data/3982/0000950129-07-002432.txt,5,39,-0.7727272551652897,59.676,0.3250977500726143,24.00043910002905,72752,223785,20,28
29,3982,ALLIS CHALMERS ENERGY INC.,200708,2007-08-09,10-Q,edgar/data/3982/0000950129-07-003918.txt,2,0,0.9999995000002501,70.22504892367904,0.2530444475407552,28.19123734848793,18161,71770,2,0
30,3982,ALLIS CHALMERS ENERGY INC.,200711,2007-11-06,10-Q,edgar/data/3982/0000950129-07-005361.txt,2,0,0.9999995000002501,73.32707253886011,0.2622751000291476,29.4357390555557,29694,113217,2,1
31,3982,ALLIS CHALMERS ENERGY INC.,200803,2008-03-07,10-K,edgar/data/3982/0000950129-08-001569.txt,4,2,0.33333327777778704,69.61001164144353,0.379341918220587,27.99574142386565,90731,239180,4,2
32,3982,ALLIS CHALMERS ENERGY INC.,200804,2008-04-29,10-K/A,edgar/data/3982/0000950129-08-002507.txt,3,0,0.9999996666667778,46.050349650349645,0.2886928263378485,18.535616990675003,19011,65852,0,0
33,4447,AMERADA HESS CORP,200311,2003-11-12,10-Q,edgar/data/4447/0000950123-03-012528.txt,3,1,0.4999998750000312,59.532822757111596,0.27405215665374083,23.922749965506128,14912,54413,0,0
34,4447,AMERADA HESS CORP,200403,2004-03-12,10-K,edgar/data/4447/0000950123-04-003250.txt,4,9,-0.3846153550295881,44.3906673901248,0.19543587737740184,17.834441307000876,47967,245436,1,0
35,4447,AMERADA HESS CORP,200403,2004-03-15,10-K/A,edgar/data/4447/0000950123-04-003322.txt,2,0,0.9999995000002501,129.5569105691057,0.2664804995136645,51.92935642744775,8493,31871,0,0
36,4447,AMERADA HESS CORP,200405,2004-05-07,10-Q,edgar/data/4447/0000950123-04-005950.txt,3,0,0.9999996666667778,85.78021978021978,0.27583909812964386,34.42242355133977,10766,39030,0,0
37,4447,AMERADA HESS CORP,200408,2004-08-06,10-Q,edgar/data/4447/0000950123-04-009350.txt,3,0,0.9999996666667778,89.08333333333331,0.2596819457436857,35.737206111630805,12492,48105,0,0
38,4447,AMERADA HESS CORP,200411,2004-11-05,10-Q,edgar/data/4447/0000950123-04-013054.txt,3,25,-0.7857142576530622,80.41863207547169,0.2818535083217245,32.28019423351737,19221,68195,0,0
39,4447,AMERADA HESS CORP,200503,2005-03-14,10-K,edgar/data/4447/0000950123-05-003078.txt,5,27,-0.6874999785156257,38.14569183646291,0.3404879274951473,15.394471905583224,97528,286436,1,10
40,4447,AMERADA HESS CORP,200505,2005-05-06,10-Q,edgar/data/4447/0000950123-05-005767.txt,3,0,0.9999996666667778,91.68879668049792,0.2805584468479884,36.78774205093837,12399,44194,0,0
41,4447,AMERADA HESS CORP,200508,2005-08-05,10-Q,edgar/data/4447/0000950123-05-009475.txt,3,0,0.9999996666667778,94.84440842787683,0.25313146157658195,38.039015955781366,14813,58519,2,0
42,4447,AMERADA HESS CORP,200511,2005-11-07,10-Q,edgar/data/4447/0000950123-05-013153.txt,3,0,0.9999996666667778,103.13451327433629,0.2605584252887371,41.35802867985001,15183,58271,0,0
43,4457,AMERCO /NV/,199911,1999-11-08,10-Q,edgar/data/4457/0000004457-99-000043.txt,2,2,0.0,11.825168107588857,0.33095044679122665,4.862447421752035,4074,12310,2,2
44,4457,AMERCO /NV/,200002,2000-02-10,10-Q,edgar/data/4457/0000004457-00-000018.txt,2,2,0.0,11.65615763546798,0.3312484151804581,4.794962420259377,3919,11831,2,2
45,4457,AMERCO /NV/,200006,2000-06-29,10-K,edgar/data/4457/0000004457-00-000067.txt,30,71,-0.4059405900401922,11.142257462686567,0.36500062790405613,4.60290323623625,34878,95556,8,25
46,4457,AMERCO /NV/,200008,2000-08-11,10-Q,edgar/data/4457/0000004457-00-000080.txt,2,2,0.0,11.954828660436135,0.3334201954397394,4.915299542350351,2559,7675,2,2
47,4457,AMERCO /NV/,200011,2000-11-13,10-Q,edgar/data/4457/0000004457-00-000105.txt,5,6,-0.09090908264462884,17.47517123287671,0.3588751163588261,7.133618539694217,7325,20411,2,2
48,4457,AMERCO /NV/,200102,2001-02-14,10-Q,edgar/data/4457/0000004457-01-500024.txt,4,2,0.33333327777778704,15.996233521657249,0.35731104308923944,6.5414178258985975,6070,16988,2,1
49,4457,AMERCO /NV/,200107,2001-07-02,10-K,edgar/data/4457/0000004457-01-500063.txt,7,6,0.07692307100591762,14.366449511400653,0.3398991044099309,5.882539446324233,11993,35284,4,2
50,4457,AMERCO /NV/,200107,2001-07-02,NT 10-K,edgar/data/4457/0000004457-01-500060.txt,2,1,0.33333322222225925,25.952380952380953,0.3605504587155963,10.52517256443862,393,1090,0,0
51,4457,AMERCO /NV/,200108,2001-08-10,10-Q,edgar/data/4457/0000004457-01-500081.txt,2,0,0.9999995000002501,12.126373626373624,0.3455671348738861,4.988776304499005,2288,6621,2,1
52,4457,AMERCO /NV/,200108,2001-08-10,10-Q/A,edgar/data/4457/0000004457-01-500083.txt,2,1,0.33333322222225925,12.236292428198436,0.3294569508161741,5.026299751605844,3088,9373,5,1
53,4515,AMERICAN AIRLINES INC,200810,2008-10-16,10-Q,edgar/data/4515/0000004515-08-000073.txt,2,348,-0.9885714257469388,94.43092105263158,0.3790215427795112,37.92397703816444,76164,200949,9,0
54,4515,AMERICAN AIRLINES INC,200902,2009-02-19,10-K,edgar/data/4515/0000004515-09-000008.txt,6,1252,-0.9904610484972488,80.46142109851787,0.3871211977559683,32.33941691850954,285817,738314,6,4
55,4515,AMERICAN AIRLINES INC,200904,2009-04-16,10-Q,edgar/data/4515/0000004515-09-000018.txt,2,26,-0.8571428265306134,92.89451022604952,0.4092863184973175,37.32151861781874,35321,86299,7,0
56,4515,AMERICAN AIRLINES INC,200907,2009-07-15,10-Q,edgar/data/4515/0000004515-09-000029.txt,2,187,-0.9788359736569524,104.92248435243141,0.3957893577577504,42.12730948407565,86252,217924,7,0
57,4515,AMERICAN AIRLINES INC,200910,2009-10-21,10-Q,edgar/data/4515/0000004515-09-000039.txt,2,38,-0.8999999775000006,99.35123367198837,0.4115159306385403,39.90509984105077,56339,136906,5,0
58,4515,AMERICAN AIRLINES INC,200911,2009-11-06,10-Q/A,edgar/data/4515/0000004515-09-000041.txt,2,61,-0.9365079216427314,82.98206278026906,0.35611996757633074,33.335273099138156,6590,18505,0,0
59,4515,AMERICAN AIRLINES INC,201002,2010-02-17,10-K,edgar/data/4515/0000004515-10-000006.txt,3,111,-0.9473684127423824,98.83206106870227,0.4157576901841983,39.69912750355459,145336,349569,3,0
60,4515,AMERICAN AIRLINES INC,201004,2010-04-21,10-Q,edgar/data/4515/0000004515-10-000016.txt,2,26,-0.8571428265306134,97.53353353353351,0.4102590418325876,39.177517030146454,39974,97436,5,0
61,4515,AMERICAN AIRLINES INC,201007,2010-07-21,10-Q,edgar/data/4515/0000950123-10-066865.txt,3,220,-0.9730941660399364,29.900119562218343,0.2263860180126975,12.050602232092414,73599,325104,4,0
62,4515,AMERICAN AIRLINES INC,201010,2010-10-20,10-Q,edgar/data/4515/0000950123-10-094615.txt,2,0,0.9999995000002501,34.202715355805246,0.27048286497757457,13.789279288313127,59282,219171,0,0
63,4962,AMERICAN EXPRESS CO,201404,2014-04-29,10-Q,edgar/data/4962/0001193125-14-167067.txt,0,328,-0.9999999969512195,22.043480121172706,0.20059496334760246,8.897630033808122,516724,2575957,4,3
64,4962,AMERICAN EXPRESS CO,201407,2014-07-30,10-Q,edgar/data/4962/0001193125-14-286961.txt,0,294,-0.9999999965986396,22.59575192271483,0.1996838620620693,9.11817431391076,623045,3120157,3,0
65,5588,AMERICAN PAD & PAPER CO,199611,1996-11-06,10-Q,edgar/data/5588/0000930661-96-001510.txt,2,5,-0.4285713673469475,17.20517560073937,0.3500214868929953,7.022078835052946,3258,9308,0,1
66,5588,AMERICAN PAD & PAPER CO,199703,1997-03-31,10-K,edgar/data/5588/0000950134-97-002428.txt,4,21,-0.6799999728000009,13.923714355349743,0.3950883089149119,5.727521065705862,22571,57129,4,6
67,5588,AMERICAN PAD & PAPER CO,199705,1997-05-15,10-Q,edgar/data/5588/0000950134-97-003934.txt,2,2,0.0,12.612280701754385,0.363611072471832,5.190356709690487,2614,7189,1,1
68,5588,AMERICAN PAD & PAPER CO,199708,1997-08-14,10-Q,edgar/data/5588/0000950134-97-006223.txt,2,2,0.0,19.667542706964518,0.3826418119863701,8.020073807580358,5727,14967,1,1
69,5588,AMERICAN PAD & PAPER CO,199711,1997-11-14,10-Q,edgar/data/5588/0000950134-97-008577.txt,2,2,0.0,10.426611796982169,0.3707406920142087,4.318940995598551,2818,7601,1,1
70,5588,AMERICAN PAD & PAPER CO,199803,1998-03-27,10-K,edgar/data/5588/0000950134-98-002477.txt,5,7,-0.16666665277777895,2.3160405134848663,0.3765731865449645,1.0770454800119322,14811,39331,4,7
71,5588,AMERICAN PAD & PAPER CO,199805,1998-05-14,10-Q,edgar/data/5588/0000950134-98-004241.txt,2,3,-0.199999960000008,1.4761684405367883,0.3835423197492163,0.743884304114402,2447,6380,1,2
72,5588,AMERICAN PAD & PAPER CO,199808,1998-08-14,10-Q,edgar/data/5588/0000950134-98-006988.txt,2,3,-0.199999960000008,3.9071509648127125,0.3823136366277381,1.7157858405761806,6580,17211,2,5
73,5588,AMERICAN PAD & PAPER CO,199811,1998-11-13,10-Q,edgar/data/5588/0000005588-98-000008.txt,2,4,-0.33333327777778704,2.8783494105037515,0.3739837398373984,1.3009332601364598,6026,16113,0,2
74,5588,AMERICAN PAD & PAPER CO,199811,1998-11-16,10-Q/A,edgar/data/5588/0000005588-98-000010.txt,2,0,0.9999995000002501,0.9786931818181818,0.36429608127721336,0.5371957052381581,251,689,0,0
75,5907,AT&T CORP,199908,1999-08-13,10-Q,edgar/data/5907/0000005907-99-000027.txt,2,4,-0.33333327777778704,7.332007659449109,0.35488277718625066,3.0747561746541434,17665,49777,1,1
76,5907,AT&T CORP,199911,1999-11-15,10-Q,edgar/data/5907/0000005907-99-000037.txt,2,3,-0.199999960000008,7.286231359490372,0.3525811707666018,3.0555250121027897,17744,50326,1,1
77,5907,AT&T CORP,200003,2000-03-27,10-K,edgar/data/5907/0000005907-00-000014.txt,3,20,-0.7391304026465042,17.488855590934634,0.3947500883553061,7.153442271715976,36859,93373,1,10
78,5907,AT&T CORP,200005,2000-05-15,10-Q,edgar/data/5907/0000005907-00-000025.txt,2,3,-0.199999960000008,25.193548387096772,0.35040546308151943,10.217581540071318,7389,21087,1,1
79,5907,AT&T CORP,200008,2000-08-14,10-Q,edgar/data/5907/0000005907-00-000031.txt,2,6,-0.4999999375000079,22.944303797468358,0.3480359704292177,9.31693590715903,12617,36252,1,3
80,5907,AT&T CORP,200011,2000-11-14,10-Q,edgar/data/5907/0000005907-00-000038.txt,2,9,-0.636363578512402,23.36803185437998,0.35663688809912125,9.489867496991641,14651,41081,1,3
81,5907,AT&T CORP,200101,2001-01-26,10-K/A,edgar/data/5907/0000005907-01-000002.txt,3,5,-0.24999996875000394,17.24,0.3601535741906972,7.040061429676277,13039,36204,2,5
82,5907,AT&T CORP,200104,2001-04-02,10-K405,edgar/data/5907/0000005907-01-000012.txt,3,33,-0.8333333101851859,3.922651629256824,0.3766863179385363,1.719735178878144,80444,213557,2,5
83,5907,AT&T CORP,200104,2001-04-17,10-K405/A,edgar/data/5907/0000005907-01-000015.txt,3,33,-0.8333333101851859,3.94647349382104,0.3765243973366958,1.7291991564630942,80923,214921,3,5
84,5907,AT&T CORP,200105,2001-05-15,10-Q,edgar/data/5907/0000950123-01-502538.txt,2,5,-0.4285713673469475,9.808580139372822,0.3496591993961058,4.063295735507571,15749,45041,1,2
85,5907,AT&T CORP,200107,2001-07-03,10-Q/A,edgar/data/5907/0000950123-01-504075.txt,2,6,-0.4999999375000079,2.3793139841688653,0.3511577359829666,1.0921886880607328,15833,45088,3,2
86,5907,AT&T CORP,200108,2001-08-10,10-Q/A,edgar/data/5907/0000950123-01-505366.txt,2,4,-0.33333327777778704,1.70844849076031,0.3513925014273933,0.8239363968750812,11078,31526,3,1
87,5907,AT&T CORP,200108,2001-08-14,10-Q,edgar/data/5907/0000950123-01-505598.txt,2,4,-0.33333327777778704,5.330832708177044,0.3477694905713481,2.271440879499357,9885,28424,1,0
88,6071,AMES DEPARTMENT STORES INC,199809,1998-09-02,10-Q,edgar/data/6071/0000006071-98-000023.txt,2,2,0.0,20.097744360902254,0.34025439580995137,8.175199502684881,1819,5346,0,1
89,6071,AMES DEPARTMENT STORES INC,199812,1998-12-10,10-Q,edgar/data/6071/0000006071-98-000026.txt,2,2,0.0,21.89605734767025,0.34195449337043704,8.895204736416275,2089,6109,0,1
90,6071,AMES DEPARTMENT STORES INC,199904,1999-04-05,10-K,edgar/data/6071/0000889812-99-001116.txt,12,14,-0.07692307396449716,2.082186187587494,0.36378407149060143,0.9783881036312382,12986,35697,3,9
91,6071,AMES DEPARTMENT STORES INC,199906,1999-06-15,10-Q,edgar/data/6071/0000006071-99-000013.txt,2,4,-0.33333327777778704,24.514084507042252,0.3355357655846021,9.939848109050743,2336,6962,3,1
92,6071,AMES DEPARTMENT STORES INC,199909,1999-09-14,10-Q,edgar/data/6071/0000006071-99-000015.txt,2,7,-0.5555554938271674,28.08443708609272,0.35052761893532985,11.37398588201122,5946,16963,0,1
93,6071,AMES DEPARTMENT STORES INC,199912,1999-12-14,10-Q,edgar/data/6071/0000006071-99-000017.txt,2,6,-0.4999999375000079,24.819905213270143,0.34437655146076,10.06571270589236,3607,10474,0,1
94,6071,AMES DEPARTMENT STORES INC,200004,2000-04-11,10-K,edgar/data/6071/0000006071-00-000002.txt,2,2,0.0,2.6993458195178777,0.3605006307682093,1.2239385801144351,10859,30122,0,1
95,6071,AMES DEPARTMENT STORES INC,200006,2000-06-13,10-Q,edgar/data/6071/0000006071-00-000011.txt,2,2,0.0,22.320819112627987,0.3425076452599388,9.065330703155169,2240,6540,0,1
96,6201,AMR CORP,199908,1999-08-16,10-Q,edgar/data/6201/0000006201-99-000023.txt,2,5,-0.4285713673469475,18.80724876441516,0.38008058864751226,7.674931741225067,4339,11416,0,2
97,6201,AMR CORP,199911,1999-11-05,10-Q,edgar/data/6201/0000006201-99-000028.txt,2,2,0.0,18.557755775577558,0.3797794771474302,7.5750141010899945,4271,11246,0,1
98,6201,AMR CORP,200003,2000-03-27,10-K405,edgar/data/6201/0000950134-00-002454.txt,4,32,-0.7777777561728402,26.628632175761872,0.3812977403986906,10.803971966464223,28653,75146,15,7
99,6201,AMR CORP,200005,2000-05-11,10-Q,edgar/data/6201/0000006201-00-000009.txt,2,2,0.0,19.28774928774929,0.3683899556868538,7.8624556973744575,2494,6770,0,1
100,6201,AMR CORP,200007,2000-07-28,10-Q,edgar/data/6201/0000950134-00-006067.txt,3,8,-0.4545454132231443,16.05065666041276,0.3684395090590298,6.567638467788715,3152,8555,1,2
101,6201,AMR CORP,200010,2000-10-26,10-Q,edgar/data/6201/0000006201-00-000017.txt,2,5,-0.4285713673469475,16.79142300194932,0.3680055723241235,6.863771429709378,3170,8614,0,2
102,6201,AMR CORP,200103,2001-03-22,10-K405,edgar/data/6201/0000950134-01-002483.txt,7,91,-0.8571428483965016,7.882466801710557,0.3923213541280003,3.3099152623354224,68699,175109,31,39
103,6201,AMR CORP,200104,2001-04-24,10-Q,edgar/data/6201/0000950134-01-500665.txt,2,4,-0.33333327777778704,20.0053050397878,0.3750994431185362,8.152161793162534,2829,7542,4,0
104,6201,AMR CORP,200108,2001-08-13,10-Q,edgar/data/6201/0000006201-01-500032.txt,2,0,0.9999995000002501,17.386440677966107,0.3641060635601482,7.100218696610501,3735,10258,0,0
105,6201,AMR CORP,200110,2001-10-25,10-Q,edgar/data/6201/0000006201-01-500047.txt,0,0,0.0,19.658892128279888,0.3795788224825745,8.015388380304984,5119,13486,1,0
106,6201,AMR CORP,200202,2002-02-28,10-K405,edgar/data/6201/0000950134-02-001661.txt,4,19,-0.6521738846880919,18.862394436164927,0.37858835923097184,7.696393118158358,14375,37970,14,6
107,6201,AMR CORP,200204,2002-04-18,10-Q,edgar/data/6201/0000006201-02-000015.txt,2,0,0.9999995000002501,19.737609329446066,0.36794682422452,8.042222461468233,2491,6770,0,0
108,6201,AMR CORP,200207,2002-07-19,10-Q,edgar/data/6201/0000006201-02-000035.txt,2,0,0.9999995000002501,21.898133748055987,0.36507936507936506,8.905285245254142,10281,28161,0,0
109,6201,AMR CORP,200210,2002-10-18,10-Q,edgar/data/6201/0000006201-02-000052.txt,2,0,0.9999995000002501,21.013568521031207,0.3874862788144896,8.560421919938277,6001,15487,1,0
110,6201,AMR CORP,200210,2002-10-18,10-Q/A,edgar/data/6201/0000950134-02-012680.txt,3,7,-0.399999960000004,21.170854271356784,0.3827438879658201,8.621439263729043,3225,8426,2,0
111,6201,AMR CORP,200210,2002-10-18,10-Q/A,edgar/data/6201/0000950134-02-012682.txt,3,9,-0.4999999583333368,19.236842105263158,0.3800444596443228,7.8467546259629914,4445,11696,2,0
112,6201,AMR CORP,200304,2003-04-01,NT 10-K,edgar/data/6201/0000006201-03-000012.txt,2,1,0.33333322222225925,25.69767441860465,0.3728506787330317,10.428210038935076,412,1105,0,0
113,6201,AMR CORP,200304,2003-04-15,10-K,edgar/data/6201/0001047469-03-013301.txt,9,22,-0.4193548251821024,16.86170013837466,0.2949419449280827,6.862656833321098,132979,450865,1,0
114,6201,AMR CORP,200305,2003-05-15,10-Q,edgar/data/6201/0000006201-03-000030.txt,2,0,0.9999995000002501,20.0905752753978,0.3774217131716827,8.187198795427793,6195,16414,0,0
115,6201,AMR CORP,200307,2003-07-18,10-Q,edgar/data/6201/0000006201-03-000045.txt,2,0,0.9999995000002501,21.73113708820404,0.3879896327448775,8.847650688379566,7934,20449,0,0
116,6201,AMR CORP,200810,2008-10-16,10-Q,edgar/data/6201/0000006201-08-000060.txt,2,356,-0.9888268128803721,107.34476843910808,0.3899403981975648,43.093883534922256,97613,250328,11,0
117,6201,AMR CORP,200902,2009-02-19,10-K,edgar/data/6201/0000006201-09-000009.txt,6,1275,-0.9906323177278435,77.9865419907367,0.3867324069923801,31.34930975909163,345120,892400,4,4
118,6201,AMR CORP,200904,2009-04-16,10-Q,edgar/data/6201/0000006201-09-000016.txt,2,28,-0.8666666377777787,88.65309734513275,0.4066761165126075,35.62390938465815,40740,100178,6,0
119,6201,AMR CORP,200907,2009-07-15,10-Q,edgar/data/6201/0000006201-09-000029.txt,2,191,-0.979274606325002,107.42604298356513,0.3971881595154596,43.129292457232225,101252,254922,12,0
120,6201,AMR CORP,200910,2009-10-21,10-Q,edgar/data/6201/0000006201-09-000038.txt,2,44,-0.9130434584120988,103.1523695260948,0.4155680265185659,41.42717502104534,71459,171955,10,0
121,6201,AMR CORP,200911,2009-11-06,10-Q/A,edgar/data/6201/0000006201-09-000040.txt,2,60,-0.9354838558792928,83.70776255707763,0.3552803840279293,33.625217176442234,6513,18332,0,0
122,6201,AMR CORP,201002,2010-02-17,10-K,edgar/data/6201/0000006201-10-000006.txt,3,804,-0.9925650545321376,99.12441783100466,0.40503846050582615,39.811782516604204,241377,595936,4,0
123,6201,AMR CORP,201004,2010-04-21,10-Q,edgar/data/6201/0000006201-10-000013.txt,2,26,-0.8571428265306134,95.50128314798972,0.407762381204038,38.36361821167751,45523,111641,5,0
124,6201,AMR CORP,201007,2010-07-21,10-Q,edgar/data/6201/0000950123-10-066894.txt,3,220,-0.9730941660399364,30.835563228312477,0.22179828121938247,12.422944603812745,79233,357230,4,0
125,6201,AMR CORP,201010,2010-10-20,10-Q,edgar/data/6201/0000950123-10-094605.txt,2,0,0.9999995000002501,34.775162674788874,0.2572368132939992,14.012959795233149,64613,251181,1,0
126,6260,ANACOMP INC,199402,1994-02-14,10-Q,edgar/data/6260/0000006260-94-000014.txt,2,0,0.9999995000002501,1.4997984683595325,0.3544746036011825,0.7417092287842859,1319,3721,1,0
127,6260,ANACOMP INC,199405,1994-05-12,10-Q,edgar/data/6260/0000006260-94-000016.txt,2,0,0.9999995000002501,1.3797744634412514,0.33139994727128924,0.6844697642850163,1257,3793,1,0
128,6260,ANACOMP INC,199712,1997-12-29,10-K,edgar/data/6260/0000006260-97-000011.txt,3,12,-0.5999999600000027,2.2684178540076982,0.3956181347304498,1.0656143954952593,13290,33593,4,4
129,6260,ANACOMP INC,199802,1998-02-17,10-Q,edgar/data/6260/0000006260-98-000001.txt,2,3,-0.199999960000008,2.9229416935247583,0.3889334402566159,1.3247500535125498,3880,9976,0,1
130,6260,ANACOMP INC,199805,1998-05-13,10-Q,edgar/data/6260/0000006260-98-000003.txt,2,5,-0.4285713673469475,1.9551894563426688,0.32035726322885066,0.9102186878286078,1901,5934,0,1
131,6260,ANACOMP INC,199808,1998-08-14,10-Q,edgar/data/6260/0000914121-98-000672.txt,2,6,-0.4999999375000079,3.0509529366005443,0.35084140744518105,1.3607177376182902,2752,7844,0,1
132,6260,ANACOMP INC,199812,1998-12-29,10-K405,edgar/data/6260/0001047469-98-045227.txt,10,14,-0.1666666597222225,2.7353577299074314,0.3855082547915744,1.2483463938796024,12189,31618,9,10
133,6260,ANACOMP INC,199902,1999-02-11,10-Q,edgar/data/6260/0000006260-99-000005.txt,2,4,-0.33333327777778704,11.190388170055455,0.3653782623059135,4.622306572944547,2212,6054,0,1
134,6260,ANACOMP INC,199905,1999-05-17,10-Q,edgar/data/6260/0000006260-99-000007.txt,2,7,-0.5555554938271674,17.407482305358947,0.35577369888475835,7.1053024016974815,6125,17216,0,1
135,6260,ANACOMP INC,199908,1999-08-13,10-Q,edgar/data/6260/0000006260-99-000010.txt,2,4,-0.33333327777778704,12.135401974612131,0.35251046025104604,4.995164973945271,3033,8604,0,1
136,11860,BETHLEHEM STEEL CORP /DE/,199811,1998-11-12,10-Q,edgar/data/11860/0000011860-98-000022.txt,6,11,-0.2941176297577865,14.098326359832635,0.3777266656774002,5.7904212102040145,5091,13478,1,4
137,11860,BETHLEHEM STEEL CORP /DE/,199903,1999-03-24,10-K405,edgar/data/11860/0001021408-99-000543.txt,4,9,-0.3846153550295881,9.754144198122626,0.35805401420995514,4.0448792849330335,34974,97678,0,5
138,11860,BETHLEHEM STEEL CORP /DE/,199905,1999-05-14,10-Q,edgar/data/11860/0000011860-99-000025.txt,2,2,0.0,8.003552397868562,0.3521970705725699,3.3422997873764535,1587,4506,0,1
139,11860,BETHLEHEM STEEL CORP /DE/,199906,1999-06-29,10-K/A,edgar/data/11860/0000011860-99-000030.txt,2,1,0.33333322222225925,12.783410138248847,0.32912761355443404,5.2450151007213135,1826,5548,0,0
140,11860,BETHLEHEM STEEL CORP /DE/,199908,1999-08-05,10-Q,edgar/data/11860/0000011860-99-000035.txt,2,2,0.0,8.717948717948719,0.35705882352941176,3.6300030165912522,1821,5100,0,1
141,11860,BETHLEHEM STEEL CORP /DE/,199911,1999-11-02,10-Q,edgar/data/11860/0000011860-99-000042.txt,2,2,0.0,16.859143968871596,0.3711687592319055,6.892125091241401,8041,21664,0,1
142,11860,BETHLEHEM STEEL CORP /DE/,200003,2000-03-09,10-K,edgar/data/11860/0000011860-00-000019.txt,4,19,-0.6521738846880919,12.405776042139678,0.3965666178623719,5.12093706400082,54171,136600,2,17
143,11860,BETHLEHEM STEEL CORP /DE/,200005,2000-05-03,10-Q,edgar/data/11860/0000011860-00-000022.txt,2,2,0.0,6.517525773195876,0.3328060740272066,2.7401327388892334,1052,3161,0,1
144,11860,BETHLEHEM STEEL CORP /DE/,200006,2000-06-28,10-K/A,edgar/data/11860/0000011860-00-000025.txt,2,1,0.33333322222225925,18.417910447761194,0.3427876823338736,7.504279252038027,1692,4936,0,0
145,11860,BETHLEHEM STEEL CORP /DE/,200007,2000-07-26,10-Q,edgar/data/11860/0000011860-00-000028.txt,2,2,0.0,7.453510436432638,0.3317209775967413,3.1140925656117515,1303,3928,0,1
146,11860,BETHLEHEM STEEL CORP /DE/,200010,2000-10-25,10-Q,edgar/data/11860/0000011860-00-000038.txt,2,2,0.0,7.232142857142858,0.34444444444444444,3.0306349206349203,1395,4050,0,1
147,12239,SPHERIX INC,200704,2007-04-02,10-K,edgar/data/12239/0001104659-07-024804.txt,8,10,-0.11111110493827196,10.715897277942476,0.343851051292738,4.423899331694087,95702,278324,18,5
148,12239,SPHERIX INC,200705,2007-05-16,NT 10-Q,edgar/data/12239/0001104659-07-040463.txt,2,1,0.33333322222225925,10.52093973442288,0.320873786407767,4.336725408332259,3305,10300,0,0
149,12239,SPHERIX INC,200705,2007-05-18,10-Q,edgar/data/12239/0001104659-07-041441.txt,2,0,0.9999995000002501,10.929970972423805,0.33974039770275205,4.5078845480506216,20468,60246,0,0
150,12239,SPHERIX INC,200705,2007-05-23,10-K/A,edgar/data/12239/0001104659-07-042333.txt,8,10,-0.11111110493827196,10.71987294783973,0.3450615983806998,4.425973818488171,96659,280121,18,5
151,12239,SPHERIX INC,200708,2007-08-14,10-Q,edgar/data/12239/0001104659-07-062470.txt,2,0,0.9999995000002501,10.74353312302839,0.3439821475761224,4.435006108241804,35145,102171,0,0
