,CIK,CONAME,FYRMO,FDATE,FORM,SECFNAME,Positive_score,Negitive_score,Polerity_Score,Average_Sentence_length,Percentage_of_complex_words,Fog_index,Complex_word_count,Word_count,Uncertainity_score,Constraining_score,Positive_word_proportion,Negative_word_proportion,Uncertainty_word_proportion,Constraining_word_proportion
0,3662,SUNBEAM CORP/FL/,199803,06-03-1998,10-K405,edgar/data/3662/0000950170-98-000413.txt,42,180,-0.621621619,5.237584582,0.401355365,2.255575979,69589,173385,13,79,0.000242235,0.001038152,7.50E-05,0.000455633
1,3662,SUNBEAM CORP/FL/,199805,15-05-1998,10-Q,edgar/data/3662/0000950170-98-001001.txt,27,71,-0.448979587,6.780397097,0.398846385,2.871697393,45084,113036,16,86,0.000238862,0.000628118,0.000141548,0.00076082
2,3662,SUNBEAM CORP/FL/,199808,13-08-1998,NT 10-Q,edgar/data/3662/0000950172-98-000783.txt,2,1,0.333333222,38.28,0.386624869,15.46664995,370,957,0,0,0.002089864,0.001044932,0,0
3,3662,SUNBEAM CORP/FL/,199811,12-11-1998,10-K/A,edgar/data/3662/0000950170-98-002145.txt,21,88,-0.614678893,5.737387061,0.390086901,2.450989584,33936,86996,13,42,0.00024139,0.001011541,0.000149432,0.000482781
4,3662,SUNBEAM CORP/FL/,199811,16-11-1998,NT 10-Q,edgar/data/3662/0000950172-98-001203.txt,2,1,0.333333222,39.66666667,0.368067227,16.01389356,438,1190,0,0,0.001680672,0.000840336,0,0
5,3662,SUNBEAM CORP/FL/,199811,25-11-1998,10-Q/A,edgar/data/3662/0000950170-98-002278.txt,2,14,-0.749999953,3.651264167,0.375358166,1.610648933,6288,16752,0,3,0.000119389,0.000835721,0,0.000179083
6,3662,SUNBEAM CORP/FL/,199812,22-12-1998,10-Q,edgar/data/3662/0000950170-98-002401.txt,9,28,-0.5135135,4.210203187,0.367439761,1.831057179,10583,28802,9,13,0.000312478,0.000972155,0.000312478,0.000451358
7,3662,SUNBEAM CORP/FL/,199812,22-12-1998,10-Q,edgar/data/3662/0000950170-98-002402.txt,3,15,-0.66666663,3.374234303,0.372440007,1.498669724,6565,17627,3,5,0.000170193,0.000850967,0.000170193,0.000283656
8,3662,SUNBEAM CORP/FL/,199903,31-03-1999,NT 10-K,edgar/data/3662/0000950172-99-000362.txt,2,1,0.333333222,39.14285714,0.379562044,15.80896767,416,1096,0,0,0.001824818,0.000912409,0,0
9,3662,SUNBEAM CORP/FL/,199905,11-05-1999,10-K,edgar/data/3662/0000950170-99-000775.txt,17,51,-0.499999993,5.514428626,0.392931901,2.362944211,33789,85992,17,18,0.000197693,0.000593078,0.000197693,0.000209322
10,3662,SUNBEAM CORP/FL/,199905,17-05-1999,NT 10-Q,edgar/data/3662/0000950172-99-000584.txt,2,1,0.333333222,40.96296296,0.373417722,16.53455227,413,1106,0,0,0.001808318,0.000904159,0,0
11,3662,SUNBEAM CORP/FL/,199906,11-06-1999,10-Q,edgar/data/3662/0000950170-99-001005.txt,2,7,-0.555555494,3.662811791,0.39404445,1.622742497,6365,16153,4,3,0.000123816,0.000433356,0.000247632,0.000185724
12,3662,SUNBEAM CORP/FL/,199908,16-08-1999,NT 10-Q,edgar/data/3662/0000950172-99-001074.txt,2,1,0.333333222,38.22222222,0.372093023,15.4377261,384,1032,0,0,0.001937984,0.000968992,0,0
13,3662,SUNBEAM CORP/FL/,199908,19-08-1999,10-Q,edgar/data/3662/0000950170-99-001361.txt,2,10,-0.666666611,6.850078084,0.390645186,2.896289308,10281,26318,7,8,7.60E-05,0.000379968,0.000265978,0.000303974
14,3662,SUNBEAM CORP/FL/,199911,08-11-1999,10-K/A,edgar/data/3662/0000889812-99-003241.txt,9,20,-0.379310332,2.577433628,0.386781116,1.185685898,24783,64075,11,13,0.00014046,0.000312134,0.000171674,0.000202887
15,3662,SUNBEAM CORP/FL/,199911,08-11-1999,10-Q/A,edgar/data/3662/0000950170-99-001639.txt,2,10,-0.666666611,5.674606379,0.391327547,2.42637357,11001,28112,7,10,7.11E-05,0.00035572,0.000249004,0.00035572
16,3662,SUNBEAM CORP/FL/,199911,08-11-1999,10-Q/A,edgar/data/3662/0000950170-99-001640.txt,2,10,-0.666666611,5.26008316,0.392711751,2.261117964,9936,25301,6,8,7.90E-05,0.000395241,0.000237145,0.000316193
17,3662,SUNBEAM CORP/FL/,199911,15-11-1999,NT 10-Q,edgar/data/3662/0000950172-99-001626.txt,2,1,0.333333222,34.44444444,0.387096774,13.93261649,360,930,0,0,0.002150538,0.001075269,0,0
18,3662,SUNBEAM CORP/FL/,199911,19-11-1999,10-Q,edgar/data/3662/0000950170-99-001856.txt,2,18,-0.79999996,6.920890479,0.394612137,2.926201046,13740,34819,10,13,5.74E-05,0.000516959,0.0002872,0.000373359
19,3982,ALLIS CHALMERS ENERGY INC.,200603,22-03-2006,10-K,edgar/data/3982/0000950129-06-002926.txt,7,28,-0.599999983,68.85987791,0.373556943,27.69337394,92706,248171,3,13,2.82E-05,0.000112825,1.21E-05,5.24E-05
20,3982,ALLIS CHALMERS ENERGY INC.,200605,01-05-2006,10-K/A,edgar/data/3982/0000950129-06-004690.txt,3,0,0.999999667,51.75445816,0.375361128,20.85192772,14162,37729,0,0,7.95E-05,0,0,0
21,3982,ALLIS CHALMERS ENERGY INC.,200605,10-05-2006,10-Q,edgar/data/3982/0000950129-06-005244.txt,4,13,-0.529411734,57.56578947,0.318675862,23.15378613,40432,126875,2,18,3.15E-05,0.000102463,1.58E-05,0.000141872
22,3982,ALLIS CHALMERS ENERGY INC.,200607,24-07-2006,10-K/A,edgar/data/3982/0000950129-06-007243.txt,4,1,0.59999988,104.2563694,0.389114597,41.85819361,50953,130946,2,2,3.05E-05,7.64E-06,1.53E-05,1.53E-05
23,3982,ALLIS CHALMERS ENERGY INC.,200607,24-07-2006,10-Q/A,edgar/data/3982/0000950129-06-007244.txt,2,1,0.333333222,50.29906542,0.28321256,20.23291119,12194,43056,1,0,4.65E-05,2.32E-05,2.32E-05,0
24,3982,ALLIS CHALMERS ENERGY INC.,200608,14-08-2006,10-Q,edgar/data/3982/0000950129-06-007871.txt,2,0,0.9999995,49.77038425,0.276640618,20.01880995,14691,53105,2,0,3.77E-05,0,3.77E-05,0
25,3982,ALLIS CHALMERS ENERGY INC.,200611,08-11-2006,10-Q,edgar/data/3982/0000950129-06-009522.txt,2,0,0.9999995,65.49960784,0.263686656,26.3053178,22021,83512,3,0,2.39E-05,0,3.59E-05,0
26,3982,ALLIS CHALMERS ENERGY INC.,200612,29-12-2006,10-Q/A,edgar/data/3982/0000950134-06-023819.txt,9,4,0.384615355,57.4795539,0.306146867,23.11428031,66271,216468,3,2,4.16E-05,1.85E-05,1.39E-05,9.24E-06
27,3982,ALLIS CHALMERS ENERGY INC.,200703,15-03-2007,10-K,edgar/data/3982/0000950129-07-001381.txt,4,3,0.142857122,69.89052632,0.379889494,28.10816632,88281,232386,6,2,1.72E-05,1.29E-05,2.58E-05,8.61E-06
28,3982,ALLIS CHALMERS ENERGY INC.,200705,10-05-2007,10-Q,edgar/data/3982/0000950129-07-002432.txt,5,39,-0.772727255,59.67626667,0.325100766,24.00054697,72753,223786,20,28,2.23E-05,0.000174274,8.94E-05,0.00012512
29,3982,ALLIS CHALMERS ENERGY INC.,200708,09-08-2007,10-Q,edgar/data/3982/0000950129-07-003918.txt,2,0,0.9999995,70.2260274,0.253054855,28.1916329,18162,71771,2,0,2.79E-05,0,2.79E-05,0
30,3982,ALLIS CHALMERS ENERGY INC.,200711,06-11-2007,10-Q,edgar/data/3982/0000950129-07-005361.txt,2,0,0.9999995,73.32772021,0.262281616,29.43600073,29695,113218,2,1,1.77E-05,0,1.77E-05,8.83E-06
31,3982,ALLIS CHALMERS ENERGY INC.,200803,07-03-2008,10-K,edgar/data/3982/0000950129-08-001569.txt,4,2,0.333333278,69.61030268,0.379344513,27.99585888,90732,239181,4,2,1.67E-05,8.36E-06,1.67E-05,8.36E-06
32,3982,ALLIS CHALMERS ENERGY INC.,200804,29-04-2008,10-K/A,edgar/data/3982/0000950129-08-002507.txt,3,0,0.999999667,46.05034965,0.288692826,18.53561699,19011,65852,0,0,4.56E-05,0,0,0
33,4447,AMERADA HESS CORP,200311,12-11-2003,10-Q,edgar/data/4447/0000950123-03-012528.txt,3,1,0.499999875,59.53282276,0.274052157,23.92274997,14912,54413,0,0,5.51E-05,1.84E-05,0,0
34,4447,AMERADA HESS CORP,200403,12-03-2004,10-K,edgar/data/4447/0000950123-04-003250.txt,4,9,-0.384615355,44.39066739,0.195435877,17.83444131,47967,245436,1,0,1.63E-05,3.67E-05,4.07E-06,0
35,4447,AMERADA HESS CORP,200403,15-03-2004,10-K/A,edgar/data/4447/0000950123-04-003322.txt,2,0,0.9999995,129.5569106,0.2664805,51.92935643,8493,31871,0,0,6.28E-05,0,0,0
36,4447,AMERADA HESS CORP,200405,07-05-2004,10-Q,edgar/data/4447/0000950123-04-005950.txt,3,0,0.999999667,85.78021978,0.275839098,34.42242355,10766,39030,0,0,7.69E-05,0,0,0
37,4447,AMERADA HESS CORP,200408,06-08-2004,10-Q,edgar/data/4447/0000950123-04-009350.txt,3,0,0.999999667,89.08333333,0.259681946,35.73720611,12492,48105,0,0,6.24E-05,0,0,0
38,4447,AMERADA HESS CORP,200411,05-11-2004,10-Q,edgar/data/4447/0000950123-04-013054.txt,3,25,-0.785714258,80.41863208,0.281853508,32.28019423,19221,68195,0,0,4.40E-05,0.000366596,0,0
39,4447,AMERADA HESS CORP,200503,14-03-2005,10-K,edgar/data/4447/0000950123-05-003078.txt,5,27,-0.687499979,38.14569184,0.340487927,15.39447191,97528,286436,1,10,1.75E-05,9.43E-05,3.49E-06,3.49E-05
40,4447,AMERADA HESS CORP,200505,06-05-2005,10-Q,edgar/data/4447/0000950123-05-005767.txt,3,0,0.999999667,91.68879668,0.280558447,36.78774205,12399,44194,0,0,6.79E-05,0,0,0
41,4447,AMERADA HESS CORP,200508,05-08-2005,10-Q,edgar/data/4447/0000950123-05-009475.txt,3,0,0.999999667,94.84764992,0.253156986,38.04032276,14815,58521,2,0,5.13E-05,0,3.42E-05,0
42,4447,AMERADA HESS CORP,200511,07-11-2005,10-Q,edgar/data/4447/0000950123-05-013153.txt,3,0,0.999999667,103.1345133,0.260558425,41.35802868,15183,58271,0,0,5.15E-05,0,0,0
43,4457,AMERCO /NV/,199911,08-11-1999,10-Q,edgar/data/4457/0000004457-99-000043.txt,2,2,0,11.82612872,0.331004792,4.862853406,4075,12311,2,2,0.000162456,0.000162456,0.000162456,0.000162456
44,4457,AMERCO /NV/,200002,10-02-2000,10-Q,edgar/data/4457/0000004457-00-000018.txt,2,2,0,11.65714286,0.331304936,4.795379117,3920,11832,2,2,0.000169033,0.000169033,0.000169033,0.000169033
45,4457,AMERCO /NV/,200006,29-06-2000,10-K,edgar/data/4457/0000004457-00-000067.txt,30,71,-0.40594059,11.14249067,0.365013918,4.603001836,34880,95558,8,25,0.000313945,0.000743004,8.37E-05,0.000261621
46,4457,AMERCO /NV/,200008,11-08-2000,10-Q,edgar/data/4457/0000004457-00-000080.txt,2,2,0,11.95638629,0.333507035,4.915957331,2560,7676,2,2,0.000260552,0.000260552,0.000260552,0.000260552
47,4457,AMERCO /NV/,200011,13-11-2000,10-Q,edgar/data/4457/0000004457-00-000105.txt,5,6,-0.090909083,17.4760274,0.358906526,7.133973569,7326,20412,2,2,0.000244954,0.000293945,9.80E-05,9.80E-05
48,4457,AMERCO /NV/,200102,14-02-2001,10-Q,edgar/data/4457/0000004457-01-500024.txt,4,2,0.333333278,15.99717514,0.357348873,6.541809606,6071,16989,2,1,0.000235446,0.000117723,0.000117723,5.89E-05
49,4457,AMERCO /NV/,200107,02-07-2001,10-K,edgar/data/4457/0000004457-01-500063.txt,7,6,0.076923071,14.36726384,0.339936519,5.882880145,11995,35286,4,2,0.000198379,0.000170039,0.000113359,5.67E-05
50,4457,AMERCO /NV/,200107,02-07-2001,NT 10-K,edgar/data/4457/0000004457-01-500060.txt,2,1,0.333333222,25.95238095,0.360550459,10.52517256,393,1090,0,0,0.001834862,0.000917431,0,0
51,4457,AMERCO /NV/,200108,10-08-2001,10-Q,edgar/data/4457/0000004457-01-500081.txt,2,0,0.9999995,12.12820513,0.345665962,4.989548436,2289,6622,2,1,0.000302024,0,0.000302024,0.000151012
52,4457,AMERCO /NV/,200108,10-08-2001,10-Q/A,edgar/data/4457/0000004457-01-500083.txt,2,1,0.333333222,12.23759791,0.329528483,5.026850558,3089,9374,5,1,0.000213356,0.000106678,0.00053339,0.000106678
53,4515,AMERICAN AIRLINES INC,200810,16-10-2008,10-Q,edgar/data/4515/0000004515-08-000073.txt,2,348,-0.988571426,94.43092105,0.379021543,37.92397704,76164,200949,9,0,9.95E-06,0.001731783,4.48E-05,0
54,4515,AMERICAN AIRLINES INC,200902,19-02-2009,10-K,edgar/data/4515/0000004515-09-000008.txt,6,1252,-0.990461048,80.46174804,0.387123688,32.33954869,285820,738317,6,4,8.13E-06,0.001695749,8.13E-06,5.42E-06
55,4515,AMERICAN AIRLINES INC,200904,16-04-2009,10-Q,edgar/data/4515/0000004515-09-000018.txt,2,26,-0.857142827,92.89451023,0.409286318,37.32151862,35321,86299,7,0,2.32E-05,0.000301278,8.11E-05,0
56,4515,AMERICAN AIRLINES INC,200907,15-07-2009,10-Q,edgar/data/4515/0000004515-09-000029.txt,2,187,-0.978835974,104.9224844,0.395789358,42.12730948,86252,217924,7,0,9.18E-06,0.000858097,3.21E-05,0
57,4515,AMERICAN AIRLINES INC,200910,21-10-2009,10-Q,edgar/data/4515/0000004515-09-000039.txt,2,38,-0.899999978,99.35123367,0.411515931,39.90509984,56339,136906,5,0,1.46E-05,0.000277563,3.65E-05,0
58,4515,AMERICAN AIRLINES INC,200911,06-11-2009,10-Q/A,edgar/data/4515/0000004515-09-000041.txt,2,61,-0.936507922,82.98206278,0.356119968,33.3352731,6590,18505,0,0,0.000108079,0.003296406,0,0
59,4515,AMERICAN AIRLINES INC,201002,17-02-2010,10-K,edgar/data/4515/0000004515-10-000006.txt,3,111,-0.947368413,98.83234379,0.415759362,39.69924126,145337,349570,3,0,8.58E-06,0.000317533,8.58E-06,0
60,4515,AMERICAN AIRLINES INC,201004,21-04-2010,10-Q,edgar/data/4515/0000004515-10-000016.txt,2,26,-0.857142827,97.53353353,0.410259042,39.17751703,39974,97436,5,0,2.05E-05,0.000266842,5.13E-05,0
61,4515,AMERICAN AIRLINES INC,201007,21-07-2010,10-Q,edgar/data/4515/0000950123-10-066865.txt,3,220,-0.973094166,29.90011956,0.226386018,12.05060223,73599,325104,4,0,9.23E-06,0.000676707,1.23E-05,0
62,4515,AMERICAN AIRLINES INC,201010,20-10-2010,10-Q,edgar/data/4515/0000950123-10-094615.txt,2,0,0.9999995,34.20271536,0.270482865,13.78927929,59282,219171,0,0,9.13E-06,0,0,0
63,4962,AMERICAN EXPRESS CO,201404,29-04-2014,10-Q,edgar/data/4962/0001193125-14-167067.txt,0,328,-0.999999997,22.04348868,0.200595274,8.897633581,516725,2575958,4,3,0,0.000127331,1.55E-06,1.16E-06
64,4962,AMERICAN EXPRESS CO,201407,30-07-2014,10-Q,edgar/data/4962/0001193125-14-286961.txt,0,294,-0.999999997,22.59575916,0.199684119,9.118177313,623046,3120158,3,0,0,9.42E-05,9.61E-07,0
65,5588,AMERICAN PAD & PAPER CO,199611,06-11-1996,10-Q,edgar/data/5588/0000930661-96-001510.txt,2,5,-0.428571367,17.2051756,0.350021487,7.022078835,3258,9308,0,1,0.000214869,0.000537172,0,0.000107434
66,5588,AMERICAN PAD & PAPER CO,199703,31-03-1997,10-K,edgar/data/5588/0000950134-97-002428.txt,4,21,-0.679999973,13.92371436,0.395088309,5.727521066,22571,57129,4,6,7.00E-05,0.000367589,7.00E-05,0.000105025
67,5588,AMERICAN PAD & PAPER CO,199705,15-05-1997,10-Q,edgar/data/5588/0000950134-97-003934.txt,2,2,0,12.6122807,0.363611072,5.19035671,2614,7189,1,1,0.000278203,0.000278203,0.000139101,0.000139101
68,5588,AMERICAN PAD & PAPER CO,199708,14-08-1997,10-Q,edgar/data/5588/0000950134-97-006223.txt,2,2,0,19.66754271,0.382641812,8.020073808,5727,14967,1,1,0.000133627,0.000133627,6.68E-05,6.68E-05
69,5588,AMERICAN PAD & PAPER CO,199711,14-11-1997,10-Q,edgar/data/5588/0000950134-97-008577.txt,2,2,0,10.4266118,0.370740692,4.318940996,2818,7601,1,1,0.000263123,0.000263123,0.000131562,0.000131562
70,5588,AMERICAN PAD & PAPER CO,199803,27-03-1998,10-K,edgar/data/5588/0000950134-98-002477.txt,5,7,-0.166666653,2.316040513,0.376573187,1.07704548,14811,39331,4,7,0.000127126,0.000177977,0.000101701,0.000177977
71,5588,AMERICAN PAD & PAPER CO,199805,14-05-1998,10-Q,edgar/data/5588/0000950134-98-004241.txt,2,3,-0.19999996,1.476168441,0.38354232,0.743884304,2447,6380,1,2,0.00031348,0.000470219,0.00015674,0.00031348
72,5588,AMERICAN PAD & PAPER CO,199808,14-08-1998,10-Q,edgar/data/5588/0000950134-98-006988.txt,2,3,-0.19999996,3.90737798,0.382349524,1.715891001,6581,17212,2,5,0.000116198,0.000174297,0.000116198,0.000290495
73,5588,AMERICAN PAD & PAPER CO,199811,13-11-1998,10-Q,edgar/data/5588/0000005588-98-000008.txt,2,4,-0.333333278,2.878349411,0.37398374,1.30093326,6026,16113,0,2,0.000124123,0.000248247,0,0.000124123
74,5588,AMERICAN PAD & PAPER CO,199811,16-11-1998,10-Q/A,edgar/data/5588/0000005588-98-000010.txt,2,0,0.9999995,0.978693182,0.364296081,0.537195705,251,689,0,0,0.002902758,0,0,0
75,5907,AT&T CORP,199908,13-08-1999,10-Q,edgar/data/5907/0000005907-99-000027.txt,2,4,-0.333333278,7.332007659,0.354882777,3.074756175,17665,49777,1,1,4.02E-05,8.04E-05,2.01E-05,2.01E-05
76,5907,AT&T CORP,199911,15-11-1999,10-Q,edgar/data/5907/0000005907-99-000037.txt,2,3,-0.19999996,7.286231359,0.352581171,3.055525012,17744,50326,1,1,3.97E-05,5.96E-05,1.99E-05,1.99E-05
77,5907,AT&T CORP,200003,27-03-2000,10-K,edgar/data/5907/0000005907-00-000014.txt,3,20,-0.739130403,17.48885559,0.394750088,7.153442272,36859,93373,1,10,3.21E-05,0.000214195,1.07E-05,0.000107097
78,5907,AT&T CORP,200005,15-05-2000,10-Q,edgar/data/5907/0000005907-00-000025.txt,2,3,-0.19999996,25.19354839,0.350405463,10.21758154,7389,21087,1,1,9.48E-05,0.000142268,4.74E-05,4.74E-05
79,5907,AT&T CORP,200008,14-08-2000,10-Q,edgar/data/5907/0000005907-00-000031.txt,2,6,-0.499999938,22.9443038,0.34803597,9.316935907,12617,36252,1,3,5.52E-05,0.000165508,2.76E-05,8.28E-05
80,5907,AT&T CORP,200011,14-11-2000,10-Q,edgar/data/5907/0000005907-00-000038.txt,2,9,-0.636363579,23.36803185,0.356636888,9.489867497,14651,41081,1,3,4.87E-05,0.000219079,2.43E-05,7.30E-05
81,5907,AT&T CORP,200101,26-01-2001,10-K/A,edgar/data/5907/0000005907-01-000002.txt,3,5,-0.249999969,17.24,0.360153574,7.04006143,13039,36204,2,5,8.29E-05,0.000138106,5.52E-05,0.000138106
82,5907,AT&T CORP,200104,02-04-2001,10-K405,edgar/data/5907/0000005907-01-000012.txt,3,33,-0.83333331,3.922651629,0.376686318,1.719735179,80444,213557,2,5,1.40E-05,0.000154525,9.37E-06,2.34E-05
83,5907,AT&T CORP,200104,17-04-2001,10-K405/A,edgar/data/5907/0000005907-01-000015.txt,3,33,-0.83333331,3.946473494,0.376524397,1.729199156,80923,214921,3,5,1.40E-05,0.000153545,1.40E-05,2.33E-05
84,5907,AT&T CORP,200105,15-05-2001,10-Q,edgar/data/5907/0000950123-01-502538.txt,2,5,-0.428571367,9.808580139,0.349659199,4.063295736,15749,45041,1,2,4.44E-05,0.00011101,2.22E-05,4.44E-05
85,5907,AT&T CORP,200107,03-07-2001,10-Q/A,edgar/data/5907/0000950123-01-504075.txt,2,6,-0.499999938,2.379313984,0.351157736,1.092188688,15833,45088,3,2,4.44E-05,0.000133073,6.65E-05,4.44E-05
86,5907,AT&T CORP,200108,10-08-2001,10-Q/A,edgar/data/5907/0000950123-01-505366.txt,2,4,-0.333333278,1.708448491,0.351392501,0.823936397,11078,31526,3,1,6.34E-05,0.000126879,9.52E-05,3.17E-05
87,5907,AT&T CORP,200108,14-08-2001,10-Q,edgar/data/5907/0000950123-01-505598.txt,2,4,-0.333333278,5.330832708,0.347769491,2.271440879,9885,28424,1,0,7.04E-05,0.000140726,3.52E-05,0
88,6071,AMES DEPARTMENT STORES INC,199809,02-09-1998,10-Q,edgar/data/6071/0000006071-98-000023.txt,2,2,0,20.09774436,0.340254396,8.175199503,1819,5346,0,1,0.000374111,0.000374111,0,0.000187056
89,6071,AMES DEPARTMENT STORES INC,199812,10-12-1998,10-Q,edgar/data/6071/0000006071-98-000026.txt,2,2,0,21.89605735,0.341954493,8.895204736,2089,6109,0,1,0.000327386,0.000327386,0,0.000163693
90,6071,AMES DEPARTMENT STORES INC,199904,05-04-1999,10-K,edgar/data/6071/0000889812-99-001116.txt,12,14,-0.076923074,2.082244517,0.363801894,0.978418564,12987,35698,3,9,0.000336153,0.000392179,8.40E-05,0.000252115
91,6071,AMES DEPARTMENT STORES INC,199906,15-06-1999,10-Q,edgar/data/6071/0000006071-99-000013.txt,2,4,-0.333333278,24.51408451,0.335535766,9.939848109,2336,6962,3,1,0.000287274,0.000574548,0.000430911,0.000143637
92,6071,AMES DEPARTMENT STORES INC,199909,14-09-1999,10-Q,edgar/data/6071/0000006071-99-000015.txt,2,7,-0.555555494,28.08443709,0.350527619,11.37398588,5946,16963,0,1,0.000117904,0.000412663,0,5.90E-05
93,6071,AMES DEPARTMENT STORES INC,199912,14-12-1999,10-Q,edgar/data/6071/0000006071-99-000017.txt,2,6,-0.499999938,24.81990521,0.344376551,10.06571271,3607,10474,0,1,0.000190949,0.000572847,0,9.55E-05
94,6071,AMES DEPARTMENT STORES INC,200004,11-04-2000,10-K,edgar/data/6071/0000006071-00-000002.txt,2,2,0,2.69934582,0.360500631,1.22393858,10859,30122,0,1,6.64E-05,6.64E-05,0,3.32E-05
95,6071,AMES DEPARTMENT STORES INC,200006,13-06-2000,10-Q,edgar/data/6071/0000006071-00-000011.txt,2,2,0,22.32081911,0.342507645,9.065330703,2240,6540,0,1,0.00030581,0.00030581,0,0.000152905
96,6201,AMR CORP,199908,16-08-1999,10-Q,edgar/data/6201/0000006201-99-000023.txt,2,5,-0.428571367,18.80724876,0.380080589,7.674931741,4339,11416,0,2,0.000175193,0.000437982,0,0.000175193
97,6201,AMR CORP,199911,05-11-1999,10-Q,edgar/data/6201/0000006201-99-000028.txt,2,2,0,18.55775578,0.379779477,7.575014101,4271,11246,0,1,0.000177841,0.000177841,0,8.89E-05
98,6201,AMR CORP,200003,27-03-2000,10-K405,edgar/data/6201/0000950134-00-002454.txt,4,32,-0.777777756,26.62898653,0.381305974,10.804117,28654,75147,15,7,5.32E-05,0.000425832,0.000199609,9.32E-05
99,6201,AMR CORP,200005,11-05-2000,10-Q,edgar/data/6201/0000006201-00-000009.txt,2,2,0,19.28774929,0.368389956,7.862455697,2494,6770,0,1,0.000295421,0.000295421,0,0.00014771
100,6201,AMR CORP,200007,28-07-2000,10-Q,edgar/data/6201/0000950134-00-006067.txt,3,8,-0.454545413,16.05253283,0.368513324,6.568418463,3153,8556,1,2,0.000350631,0.000935016,0.000116877,0.000233754
101,6201,AMR CORP,200010,26-10-2000,10-Q,edgar/data/6201/0000006201-00-000017.txt,2,5,-0.428571367,16.791423,0.368005572,6.86377143,3170,8614,0,2,0.00023218,0.00058045,0,0.00023218
102,6201,AMR CORP,200103,22-03-2001,10-K405,edgar/data/6201/0000950134-01-002483.txt,7,91,-0.857142848,7.882511816,0.392324824,3.309934656,68700,175110,31,39,4.00E-05,0.000519673,0.000177032,0.000222717
103,6201,AMR CORP,200104,24-04-2001,10-Q,edgar/data/6201/0000950134-01-500665.txt,2,4,-0.333333278,20.00795756,0.375182288,8.153255939,2830,7543,4,0,0.000265146,0.000530293,0.000530293,0
104,6201,AMR CORP,200108,13-08-2001,10-Q,edgar/data/6201/0000006201-01-500032.txt,2,0,0.9999995,17.38644068,0.364106064,7.100218697,3735,10258,0,0,0.00019497,0,0,0
105,6201,AMR CORP,200110,25-10-2001,10-Q,edgar/data/6201/0000006201-01-500047.txt,0,0,0,19.65889213,0.379578822,8.01538838,5119,13486,1,0,0,0,7.42E-05,0
106,6201,AMR CORP,200202,28-02-2002,10-K405,edgar/data/6201/0000950134-02-001661.txt,4,19,-0.652173885,18.86289121,0.378604725,7.696598373,14376,37971,14,6,0.000105344,0.000500382,0.000368702,0.000158015
107,6201,AMR CORP,200204,18-04-2002,10-Q,edgar/data/6201/0000006201-02-000015.txt,2,0,0.9999995,19.73760933,0.367946824,8.042222461,2491,6770,0,0,0.000295421,0,0,0
108,6201,AMR CORP,200207,19-07-2002,10-Q,edgar/data/6201/0000006201-02-000035.txt,2,0,0.9999995,21.89813375,0.365079365,8.905285245,10281,28161,0,0,7.10E-05,0,0,0
109,6201,AMR CORP,200210,18-10-2002,10-Q,edgar/data/6201/0000006201-02-000052.txt,2,0,0.9999995,21.01356852,0.387486279,8.56042192,6001,15487,1,0,0.000129141,0,6.46E-05,0
110,6201,AMR CORP,200210,18-10-2002,10-Q/A,edgar/data/6201/0000950134-02-012680.txt,3,7,-0.39999996,21.17336683,0.382817135,8.622473588,3226,8427,2,0,0.000355999,0.000830663,0.000237332,0
111,6201,AMR CORP,200210,18-10-2002,10-Q/A,edgar/data/6201/0000950134-02-012682.txt,3,9,-0.499999958,19.23848684,0.380097461,7.847433721,4446,11697,2,0,0.000256476,0.000769428,0.000170984,0
112,6201,AMR CORP,200304,01-04-2003,NT 10-K,edgar/data/6201/0000006201-03-000012.txt,2,1,0.333333222,25.69767442,0.372850679,10.42821004,412,1105,0,0,0.001809955,0.000904977,0,0
113,6201,AMR CORP,200304,15-04-2003,10-K,edgar/data/6201/0001047469-03-013301.txt,9,22,-0.419354825,16.86181233,0.294946636,6.862703588,132982,450868,1,0,2.00E-05,4.88E-05,2.22E-06,0
114,6201,AMR CORP,200305,15-05-2003,10-Q,edgar/data/6201/0000006201-03-000030.txt,2,0,0.9999995,20.09057528,0.377421713,8.187198795,6195,16414,0,0,0.000121847,0,0,0
115,6201,AMR CORP,200307,18-07-2003,10-Q,edgar/data/6201/0000006201-03-000045.txt,2,0,0.9999995,21.73113709,0.387989633,8.847650688,7934,20449,0,0,9.78E-05,0,0,0
116,6201,AMR CORP,200810,16-10-2008,10-Q,edgar/data/6201/0000006201-08-000060.txt,2,356,-0.988826813,107.3447684,0.389940398,43.09388353,97613,250328,11,0,7.99E-06,0.001422134,4.39E-05,0
117,6201,AMR CORP,200902,19-02-2009,10-K,edgar/data/6201/0000006201-09-000009.txt,6,1275,-0.990632318,77.98680416,0.386734469,31.34941545,345123,892403,4,4,6.72E-06,0.001428727,4.48E-06,4.48E-06
118,6201,AMR CORP,200904,16-04-2009,10-Q,edgar/data/6201/0000006201-09-000016.txt,2,28,-0.866666638,88.65309735,0.406676117,35.62390938,40740,100178,6,0,2.00E-05,0.000279502,5.99E-05,0
119,6201,AMR CORP,200907,15-07-2009,10-Q,edgar/data/6201/0000006201-09-000029.txt,2,191,-0.979274606,107.426043,0.39718816,43.12929246,101252,254922,12,0,7.85E-06,0.000749249,4.71E-05,0
120,6201,AMR CORP,200910,21-10-2009,10-Q,edgar/data/6201/0000006201-09-000038.txt,2,44,-0.913043458,103.1523695,0.415568027,41.42717502,71459,171955,10,0,1.16E-05,0.000255881,5.82E-05,0
121,6201,AMR CORP,200911,06-11-2009,10-Q/A,edgar/data/6201/0000006201-09-000040.txt,2,60,-0.935483856,83.70776256,0.355280384,33.62521718,6513,18332,0,0,0.000109099,0.003272965,0,0
122,6201,AMR CORP,201002,17-02-2010,10-K,edgar/data/6201/0000006201-10-000006.txt,3,804,-0.992565055,99.12458417,0.405039459,39.81184945,241378,595937,4,0,5.03E-06,0.001349136,6.71E-06,0
123,6201,AMR CORP,201004,21-04-2010,10-Q,edgar/data/6201/0000006201-10-000013.txt,2,26,-0.857142827,95.50128315,0.407762381,38.36361821,45523,111641,5,0,1.79E-05,0.000232889,4.48E-05,0
124,6201,AMR CORP,201007,21-07-2010,10-Q,edgar/data/6201/0000950123-10-066894.txt,3,220,-0.973094166,30.83556323,0.221798281,12.4229446,79233,357230,4,0,8.40E-06,0.00061585,1.12E-05,0
125,6201,AMR CORP,201010,20-10-2010,10-Q,edgar/data/6201/0000950123-10-094605.txt,2,0,0.9999995,34.77516267,0.257236813,14.0129598,64613,251181,1,0,7.96E-06,0,3.98E-06,0
126,6260,ANACOMP INC,199402,14-02-1994,10-Q,edgar/data/6260/0000006260-94-000014.txt,2,0,0.9999995,1.499798468,0.354474604,0.741709229,1319,3721,1,0,0.00053749,0,0.000268745,0
127,6260,ANACOMP INC,199405,12-05-1994,10-Q,edgar/data/6260/0000006260-94-000016.txt,2,0,0.9999995,1.379774463,0.331399947,0.684469764,1257,3793,1,0,0.000527287,0,0.000263644,0
128,6260,ANACOMP INC,199712,29-12-1997,10-K,edgar/data/6260/0000006260-97-000011.txt,3,12,-0.59999996,2.268417854,0.395618135,1.065614395,13290,33593,4,4,8.93E-05,0.000357217,0.000119072,0.000119072
129,6260,ANACOMP INC,199802,17-02-1998,10-Q,edgar/data/6260/0000006260-98-000001.txt,2,3,-0.19999996,2.922941694,0.38893344,1.324750054,3880,9976,0,1,0.000200481,0.000300722,0,0.000100241
130,6260,ANACOMP INC,199805,13-05-1998,10-Q,edgar/data/6260/0000006260-98-000003.txt,2,5,-0.428571367,1.955189456,0.320357263,0.910218688,1901,5934,0,1,0.000337041,0.000842602,0,0.00016852
131,6260,ANACOMP INC,199808,14-08-1998,10-Q,edgar/data/6260/0000914121-98-000672.txt,2,6,-0.499999938,3.050952937,0.350841407,1.360717738,2752,7844,0,1,0.000254972,0.000764916,0,0.000127486
132,6260,ANACOMP INC,199812,29-12-1998,10-K405,edgar/data/6260/0001047469-98-045227.txt,10,14,-0.16666666,2.735444243,0.385527689,1.248388773,12190,31619,9,10,0.000316266,0.000442772,0.000284639,0.000316266
133,6260,ANACOMP INC,199902,11-02-1999,10-Q,edgar/data/6260/0000006260-99-000005.txt,2,4,-0.333333278,11.19038817,0.365378262,4.622306573,2212,6054,0,1,0.00033036,0.00066072,0,0.00016518
134,6260,ANACOMP INC,199905,17-05-1999,10-Q,edgar/data/6260/0000006260-99-000007.txt,2,7,-0.555555494,17.40748231,0.355773699,7.105302402,6125,17216,0,1,0.000116171,0.000406599,0,5.81E-05
135,6260,ANACOMP INC,199908,13-08-1999,10-Q,edgar/data/6260/0000006260-99-000010.txt,2,4,-0.333333278,12.13540197,0.35251046,4.995164974,3033,8604,0,1,0.00023245,0.0004649,0,0.000116225
136,11860,BETHLEHEM STEEL CORP /DE/,199811,12-11-1998,10-Q,edgar/data/11860/0000011860-98-000022.txt,6,11,-0.29411763,14.09832636,0.377726666,5.79042121,5091,13478,1,4,0.00044517,0.000816145,7.42E-05,0.00029678
137,11860,BETHLEHEM STEEL CORP /DE/,199903,24-03-1999,10-K405,edgar/data/11860/0001021408-99-000543.txt,4,9,-0.384615355,9.754144198,0.358054014,4.044879285,34974,97678,0,5,4.10E-05,9.21E-05,0,5.12E-05
138,11860,BETHLEHEM STEEL CORP /DE/,199905,14-05-1999,10-Q,edgar/data/11860/0000011860-99-000025.txt,2,2,0,8.003552398,0.352197071,3.342299787,1587,4506,0,1,0.000443853,0.000443853,0,0.000221926
139,11860,BETHLEHEM STEEL CORP /DE/,199906,29-06-1999,10-K/A,edgar/data/11860/0000011860-99-000030.txt,2,1,0.333333222,12.78341014,0.329127614,5.245015101,1826,5548,0,0,0.00036049,0.000180245,0,0
140,11860,BETHLEHEM STEEL CORP /DE/,199908,05-08-1999,10-Q,edgar/data/11860/0000011860-99-000035.txt,2,2,0,8.717948718,0.357058824,3.630003017,1821,5100,0,1,0.000392157,0.000392157,0,0.000196078
141,11860,BETHLEHEM STEEL CORP /DE/,199911,02-11-1999,10-Q,edgar/data/11860/0000011860-99-000042.txt,2,2,0,16.85914397,0.371168759,6.892125091,8041,21664,0,1,9.23E-05,9.23E-05,0,4.62E-05
142,11860,BETHLEHEM STEEL CORP /DE/,200003,09-03-2000,10-K,edgar/data/11860/0000011860-00-000019.txt,4,19,-0.652173885,12.40577604,0.396566618,5.120937064,54171,136600,2,17,2.93E-05,0.000139092,1.46E-05,0.000124451
143,11860,BETHLEHEM STEEL CORP /DE/,200005,03-05-2000,10-Q,edgar/data/11860/0000011860-00-000022.txt,2,2,0,6.517525773,0.332806074,2.740132739,1052,3161,0,1,0.000632711,0.000632711,0,0.000316356
144,11860,BETHLEHEM STEEL CORP /DE/,200006,28-06-2000,10-K/A,edgar/data/11860/0000011860-00-000025.txt,2,1,0.333333222,18.41791045,0.342787682,7.504279252,1692,4936,0,0,0.000405186,0.000202593,0,0
145,11860,BETHLEHEM STEEL CORP /DE/,200007,26-07-2000,10-Q,edgar/data/11860/0000011860-00-000028.txt,2,2,0,7.453510436,0.331720978,3.114092566,1303,3928,0,1,0.000509165,0.000509165,0,0.000254582
146,11860,BETHLEHEM STEEL CORP /DE/,200010,25-10-2000,10-Q,edgar/data/11860/0000011860-00-000038.txt,2,2,0,7.232142857,0.344444444,3.030634921,1395,4050,0,1,0.000493827,0.000493827,0,0.000246914
147,12239,SPHERIX INC,200704,02-04-2007,10-K,edgar/data/12239/0001104659-07-024804.txt,8,10,-0.111111105,10.71593578,0.343853409,4.423915675,95703,278325,18,5,2.87E-05,3.59E-05,6.47E-05,1.80E-05
148,12239,SPHERIX INC,200705,16-05-2007,NT 10-Q,edgar/data/12239/0001104659-07-040463.txt,2,1,0.333333222,10.52093973,0.320873786,4.336725408,3305,10300,0,0,0.000194175,9.71E-05,0,0
149,12239,SPHERIX INC,200705,18-05-2007,10-Q,edgar/data/12239/0001104659-07-041441.txt,2,0,0.9999995,10.92997097,0.339740398,4.507884548,20468,60246,0,0,3.32E-05,0,0,0
150,12239,SPHERIX INC,200705,23-05-2007,10-K/A,edgar/data/12239/0001104659-07-042333.txt,8,10,-0.111111105,10.71991122,0.345063936,4.425990061,96660,280122,18,5,2.86E-05,3.57E-05,6.43E-05,1.78E-05
151,12239,SPHERIX INC,200708,14-08-2007,10-Q,edgar/data/12239/0001104659-07-062470.txt,2,0,0.9999995,10.74353312,0.343982148,4.435006108,35145,102171,0,0,1.96E-05,0,0,0
